Sample File,Marker,Allele,Size,Height,Original_Height,Peak_Index,Height_Rank,Relative_Intensity,Preliminary_CTA,Is_Saturated,Adaptive_CTA,CTA_Details,Denoising_Status
B02_RD14-0003-42_43-1;9-M1S10-0.75IP-Q1.2_002.5sec.fsa,AMEL,X,105.02,1161.0,1161.0,1,1,1.0,0.95,False,1.0,"{'base_cta': 0.8700000000000001, 'classification': 'True_Allele', 'classification_confidence': 0.9999996581866264, 'classification_weight': 1.2999998974559879, 'v5_weight': 1.00224, 'context_weight': 1.0}",Retained
B02_RD14-0003-42_43-1;9-M1S10-0.75IP-Q1.2_002.5sec.fsa,AMEL,Y,110.89,922.0,922.0,2,2,0.7941429801894918,0.7147286821705426,False,0.99021304189198,"{'base_cta': 0.7600000000000001, 'classification': 'True_Allele', 'classification_confidence': 0.9999996581866264, 'classification_weight': 1.2999998974559879, 'v5_weight': 1.00224, 'context_weight': 1.0}",Retained
B02_RD14-0003-42_43-1;9-M1S10-0.75IP-Q1.2_002.5sec.fsa,CSF1PO,12,326.92,169.0,169.0,4,1,1.0,0.95,False,0.8208345319233766,"{'base_cta': 0.6300000000000001, 'classification': 'True_Allele', 'classification_confidence': 0.9999998517784527, 'classification_weight': 1.2999999555335358, 'v5_weight': 1.00224, 'context_weight': 1.0}",Retained
B02_RD14-0003-42_43-1;9-M1S10-0.75IP-Q1.2_002.5sec.fsa,CSF1PO,10,318.81,133.0,133.0,2,2,0.7869822485207101,0.7082840236686391,False,0.7817471732603587,"{'base_cta': 0.6000000000000001, 'classification': 'True_Allele', 'classification_confidence': 0.9999998517784527, 'classification_weight': 1.2999999555335358, 'v5_weight': 1.00224, 'context_weight': 1.0}",Retained
B02_RD14-0003-42_43-1;9-M1S10-0.75IP-Q1.2_002.5sec.fsa,D13S317,12,231.3,427.0,427.0,5,1,1.0,0.95,False,0.74930466329731,"{'base_cta': 0.71, 'classification': 'True_Allele', 'classification_confidence': 0.9999998386348595, 'classification_weight': 1.299999951590458, 'v5_weight': 1.00224, 'context_weight': 0.81}",Retained
B02_RD14-0003-42_43-1;9-M1S10-0.75IP-Q1.2_002.5sec.fsa,D13S317,11,227.21,413.0,413.0,4,2,0.9672131147540983,0.8704918032786885,False,0.7176439016450763,"{'base_cta': 0.68, 'classification': 'True_Allele', 'classification_confidence': 0.9999998312004067, 'classification_weight': 1.299999949360122, 'v5_weight': 1.00224, 'context_weight': 0.81}",Retained
B02_RD14-0003-42_43-1;9-M1S10-0.75IP-Q1.2_002.5sec.fsa,D16S539,10,271.41,767.0,767.0,4,1,1.0,0.95,False,0.8337333509312869,"{'base_cta': 0.79, 'classification': 'True_Allele', 'classification_confidence': 0.9999998031771798, 'classification_weight': 1.299999940953154, 'v5_weight': 1.00224, 'context_weight': 0.81}",Retained
B02_RD14-0003-42_43-1;9-M1S10-0.75IP-Q1.2_002.5sec.fsa,D18S51,19,309.12,203.0,203.0,6,1,1.0,0.95,False,0.9250674883580909,"{'base_cta': 0.71, 'classification': 'True_Allele', 'classification_confidence': 0.9999998517784527, 'classification_weight': 1.2999999555335358, 'v5_weight': 1.00224, 'context_weight': 1.0}",Retained
B02_RD14-0003-42_43-1;9-M1S10-0.75IP-Q1.2_002.5sec.fsa,D18S51,18,305.08,179.0,179.0,5,2,0.8817733990147784,0.7935960591133006,False,0.7817471690394937,"{'base_cta': 0.6000000000000001, 'classification': 'True_Allele', 'classification_confidence': 0.9999998283816115, 'classification_weight': 1.2999999485144835, 'v5_weight': 1.00224, 'context_weight': 1.0}",Retained
B02_RD14-0003-42_43-1;9-M1S10-0.75IP-Q1.2_002.5sec.fsa,D19S433,14,120.23,967.0,967.0,4,1,1.0,0.95,False,0.6484592288045201,"{'base_cta': 0.79, 'classification': 'True_Allele', 'classification_confidence': 0.9999995081977454, 'classification_weight': 1.2999998524593237, 'v5_weight': 1.00224, 'context_weight': 0.63}",Retained
B02_RD14-0003-42_43-1;9-M1S10-0.75IP-Q1.2_002.5sec.fsa,D19S433,13.2,118.31,686.0,686.0,3,2,0.7094105480868665,0.6384694932781799,False,0.6238341834124765,"{'base_cta': 0.7600000000000001, 'classification': 'True_Allele', 'classification_confidence': 0.9999994291016776, 'classification_weight': 1.2999998287305032, 'v5_weight': 1.00224, 'context_weight': 0.63}",Retained
B02_RD14-0003-42_43-1;9-M1S10-0.75IP-Q1.2_002.5sec.fsa,D21S11,27,194.81,475.0,475.0,2,1,1.0,0.95,False,0.7493046643837451,"{'base_cta': 0.71, 'classification': 'True_Allele', 'classification_confidence': 0.999999844917865, 'classification_weight': 1.2999999534753595, 'v5_weight': 1.00224, 'context_weight': 0.81}",Retained
B02_RD14-0003-42_43-1;9-M1S10-0.75IP-Q1.2_002.5sec.fsa,D21S11,29,202.74,334.0,334.0,4,2,0.7031578947368421,0.6328421052631579,False,0.7176439039168334,"{'base_cta': 0.68, 'classification': 'True_Allele', 'classification_confidence': 0.9999998449179072, 'classification_weight': 1.2999999534753721, 'v5_weight': 1.00224, 'context_weight': 0.81}",Retained
B02_RD14-0003-42_43-1;9-M1S10-0.75IP-Q1.2_002.5sec.fsa,D2S1338,22,333.26,233.0,233.0,5,1,1.0,0.95,False,0.9250674883583065,"{'base_cta': 0.71, 'classification': 'True_Allele', 'classification_confidence': 0.9999998517794633, 'classification_weight': 1.2999999555338388, 'v5_weight': 1.00224, 'context_weight': 1.0}",Retained
B02_RD14-0003-42_43-1;9-M1S10-0.75IP-Q1.2_002.5sec.fsa,D2S1338,19,321.16,179.0,179.0,2,2,0.7682403433476395,0.6914163090128755,False,0.781747173260541,"{'base_cta': 0.6000000000000001, 'classification': 'True_Allele', 'classification_confidence': 0.9999998517794633, 'classification_weight': 1.2999999555338388, 'v5_weight': 1.00224, 'context_weight': 1.0}",Retained
B02_RD14-0003-42_43-1;9-M1S10-0.75IP-Q1.2_002.5sec.fsa,D3S1358,15,122.34,2046.0,2046.0,4,1,1.0,0.95,False,0.8536678116434343,"{'base_cta': 0.9100000000000001, 'classification': 'True_Allele', 'classification_confidence': 0.9999993362620789, 'classification_weight': 1.2999998008786235, 'v5_weight': 1.00224, 'context_weight': 0.7200000000000001}",Retained
B02_RD14-0003-42_43-1;9-M1S10-0.75IP-Q1.2_002.5sec.fsa,D5S818,12,153.01,631.0,631.0,3,1,1.0,0.95,False,0.8337332710901787,"{'base_cta': 0.79, 'classification': 'True_Allele', 'classification_confidence': 0.9999993882026318, 'classification_weight': 1.2999998164607895, 'v5_weight': 1.00224, 'context_weight': 0.81}",Retained
B02_RD14-0003-42_43-1;9-M1S10-0.75IP-Q1.2_002.5sec.fsa,D5S818,11,148.91,578.0,578.0,2,2,0.9160063391442155,0.824405705229794,False,0.802072513960172,"{'base_cta': 0.7600000000000001, 'classification': 'True_Allele', 'classification_confidence': 0.9999993882026318, 'classification_weight': 1.2999998164607895, 'v5_weight': 1.00224, 'context_weight': 0.81}",Retained
B02_RD14-0003-42_43-1;9-M1S10-0.75IP-Q1.2_002.5sec.fsa,D7S820,9,266.26,148.0,148.0,2,1,1.0,0.95,False,0.738751078731039,"{'base_cta': 0.6300000000000001, 'classification': 'True_Allele', 'classification_confidence': 0.9999998517784527, 'classification_weight': 1.2999999555335358, 'v5_weight': 1.00224, 'context_weight': 0.9}",Retained
B02_RD14-0003-42_43-1;9-M1S10-0.75IP-Q1.2_002.5sec.fsa,D7S820,8,262.23,122.0,122.0,1,2,0.8243243243243243,0.741891891891892,False,0.7035724521355512,"{'base_cta': 0.6000000000000001, 'classification': 'True_Allele', 'classification_confidence': 0.9999998283816541, 'classification_weight': 1.2999999485144962, 'v5_weight': 1.00224, 'context_weight': 0.9}",Retained
B02_RD14-0003-42_43-1;9-M1S10-0.75IP-Q1.2_002.5sec.fsa,D8S1179,11,133.73,739.0,739.0,3,1,1.0,0.95,False,0.6484592261550793,"{'base_cta': 0.79, 'classification': 'True_Allele', 'classification_confidence': 0.9999994904928413, 'classification_weight': 1.2999998471478524, 'v5_weight': 1.00224, 'context_weight': 0.63}",Retained
B02_RD14-0003-42_43-1;9-M1S10-0.75IP-Q1.2_002.5sec.fsa,D8S1179,13,142.08,713.0,713.0,5,2,0.9648173207036536,0.8683355886332882,False,0.6238341635227376,"{'base_cta': 0.7600000000000001, 'classification': 'True_Allele', 'classification_confidence': 0.9999992909417947, 'classification_weight': 1.2999997872825384, 'v5_weight': 1.00224, 'context_weight': 0.63}",Retained
B02_RD14-0003-42_43-1;9-M1S10-0.75IP-Q1.2_002.5sec.fsa,FGA,21,229.08,256.0,256.0,4,1,1.0,0.95,False,0.8325607355433019,"{'base_cta': 0.71, 'classification': 'True_Allele', 'classification_confidence': 0.9999998310685573, 'classification_weight': 1.2999999493205672, 'v5_weight': 1.00224, 'context_weight': 0.9}",Retained
B02_RD14-0003-42_43-1;9-M1S10-0.75IP-Q1.2_002.5sec.fsa,FGA,28,257.63,146.0,146.0,7,2,0.5703125,0.51328125,False,0.6826851486489428,"{'base_cta': 0.5821875000000001, 'classification': 'True_Allele', 'classification_confidence': 0.9999998517795323, 'classification_weight': 1.2999999555338597, 'v5_weight': 1.00224, 'context_weight': 0.9}",Retained
B02_RD14-0003-42_43-1;9-M1S10-0.75IP-Q1.2_002.5sec.fsa,TH01,8,176.75,1038.0,1038.0,2,1,1.0,0.95,False,0.9181620260118298,"{'base_cta': 0.8700000000000001, 'classification': 'True_Allele', 'classification_confidence': 0.9999997149935995, 'classification_weight': 1.2999999144980798, 'v5_weight': 1.00224, 'context_weight': 0.81}",Retained
B02_RD14-0003-42_43-1;9-M1S10-0.75IP-Q1.2_002.5sec.fsa,TH01,9.3,183.91,832.0,832.0,4,2,0.8015414258188824,0.7213872832369942,False,0.8020725732065664,"{'base_cta': 0.7600000000000001, 'classification': 'True_Allele', 'classification_confidence': 0.9999997082913217, 'classification_weight': 1.2999999124873964, 'v5_weight': 1.00224, 'context_weight': 0.81}",Retained
B02_RD14-0003-42_43-1;9-M1S10-0.75IP-Q1.2_002.5sec.fsa,TPOX,8,228.83,464.0,464.0,3,1,1.0,0.95,False,0.7493046646596232,"{'base_cta': 0.71, 'classification': 'True_Allele', 'classification_confidence': 0.9999998465133069, 'classification_weight': 1.299999953953992, 'v5_weight': 1.00224, 'context_weight': 0.81}",Retained
B02_RD14-0003-42_43-1;9-M1S10-0.75IP-Q1.2_002.5sec.fsa,TPOX,11,240.96,439.0,439.0,5,2,0.9461206896551724,0.8515086206896552,False,0.7176439039303948,"{'base_cta': 0.68, 'classification': 'True_Allele', 'classification_confidence': 0.9999998449997947, 'classification_weight': 1.2999999534999385, 'v5_weight': 1.00224, 'context_weight': 0.81}",Retained
B02_RD14-0003-42_43-1;9-M1S10-0.75IP-Q1.2_002.5sec.fsa,vWA,17,176.34,611.0,611.0,6,1,1.0,0.95,False,0.833733348555795,"{'base_cta': 0.79, 'classification': 'True_Allele', 'classification_confidence': 0.9999997908305487, 'classification_weight': 1.2999999372491646, 'v5_weight': 1.00224, 'context_weight': 0.81}",Retained
B02_RD14-0003-42_43-1;9-M1S10-0.75IP-Q1.2_002.5sec.fsa,vWA,13,160.08,605.0,605.0,2,2,0.9901800327332242,0.8911620294599017,False,0.8020725265864395,"{'base_cta': 0.7600000000000001, 'classification': 'True_Allele', 'classification_confidence': 0.9999994564181823, 'classification_weight': 1.2999998369254546, 'v5_weight': 1.00224, 'context_weight': 0.81}",Retained
